{
    "path_count": 161,
    "parsed_path_count": 161,
    "static_analysis_path_count": 2,
    "static_analysis_parsed_path_count": 2,
    "is_partial_parse_enabled": true,
    "is_static_analysis_enabled": true,
    "read_files_elapsed": 0.014970222022384405,
    "load_macros_elapsed": 0.5783289849641733,
    "parse_project_elapsed": 0.31843004998518154,
    "patch_sources_elapsed": 1.4671008102595806e-05,
    "process_manifest_elapsed": 0.01797713403357193,
    "load_all_elapsed": 0.9823081120266579,
    "projects": [
        {
            "project_name": "my_new_project",
            "elapsed": 0.31642735097557306,
            "parsers": [
                {
                    "parser": "model",
                    "elapsed": 0.17364578996784985,
                    "parsed_path_count": 2
                },
                {
                    "parser": "test",
                    "elapsed": 0.14178842399269342,
                    "parsed_path_count": 1
                }
            ],
            "parsed_path_count": 3
        },
        {
            "project_name": "dbt_bigquery",
            "elapsed": 0.0009536489378660917,
            "parsers": [],
            "parsed_path_count": 0
        },
        {
            "project_name": "dbt",
            "elapsed": 0.0009524780325591564,
            "parsers": [
                {
                    "parser": "doc",
                    "elapsed": 0.00019822496687993407,
                    "parsed_path_count": 1
                }
            ],
            "parsed_path_count": 1
        }
    ]
}